<effect name="simple" default="true">
  <glsl type="vertex">
    attribute vec4 POSITION;
    attribute vec2 TEXCOORD0;
    attribute vec4 COLOR0;

    varying vec2 TexCoordConnect;
    varying vec4 ColourConnect;

    uniform mat4 World;
    uniform mat4 View;
    uniform mat4 Proj;

    void main(void)
    {
      TexCoordConnect = TEXCOORD0;
      ColourConnect = COLOR0;
      gl_Position = Proj * View * World * POSITION;
    }
  </glsl>
  <glsl type="pixel">
    uniform sampler2D Texture;

    varying lowp vec2 TexCoordConnect;
    varying lowp vec4 ColourConnect;

    void main(void)
    {
      gl_FragColor = ColourConnect * texture2D(Texture, TexCoordConnect);
    }
  </glsl>
  <dynamic name="World" type="matrix4x4"/>
  <dynamic name="View" type="matrix4x4"/>
  <dynamic name="Proj" type="matrix4x4"/>
  <static name="Texture" type="texture" hint="diffuse" aux="Sampler"/>
</effect>